LineId,Content,EventId,EventTemplate,ParameterList
1,P,44c29edb,P,[]
2,r,4b43b0ae,r,[]
3,o,d9567975,o,[]
4,c,4a8a08f0,c,[]
5,e,e1671797,e,[]
6,s,03c7c0ac,s,[]
7,s,03c7c0ac,s,[]
8,,d41d8cd9,,[]
9,3,eccbc87e,3,[]
10,1,c4ca4238,1,[]
11,1,c4ca4238,1,[]
12,3,eccbc87e,3,[]
13,3,eccbc87e,3,[]
14,,d41d8cd9,,[]
15,(,84c40473,(,[]
16,a,0cc175b9,a,[]
17,s,03c7c0ac,s,[]
18,s,03c7c0ac,s,[]
19,e,e1671797,e,[]
20,r,4b43b0ae,r,[]
21,t,e358efa4,t,[]
22,_,b14a7b80,_,[]
23,v,9e3669d1,v,[]
24,a,0cc175b9,a,[]
25,l,2db95e8e,l,[]
26,u,7b774eff,u,[]
27,e,e1671797,e,[]
28,),9371d7a2,),[]
29,,d41d8cd9,,[]
30,o,d9567975,o,[]
31,f,8fa14cdd,f,[]
32,,d41d8cd9,,[]
33,u,7b774eff,u,[]
34,s,03c7c0ac,s,[]
35,e,e1671797,e,[]
36,r,4b43b0ae,r,[]
37,,d41d8cd9,,[]
38,2,c81e728d,2,[]
39,5,e4da3b7f,5,[]
40,3,eccbc87e,3,[]
41,5,e4da3b7f,5,[]
42,6,1679091c,6,[]
43,,d41d8cd9,,[]
44,d,8277e091,d,[]
45,u,7b774eff,u,[]
46,m,6f8f5771,m,[]
47,p,83878c91,p,[]
48,e,e1671797,e,[]
49,d,8277e091,d,[]
50,,d41d8cd9,,[]
51,c,4a8a08f0,c,[]
52,o,d9567975,o,[]
53,r,4b43b0ae,r,[]
54,e,e1671797,e,[]
55,.,5058f1af,.,[]
